run,mode,recall_type,seconds_per_word,post_sequence_task,post_sequence_duration,position,word,recalled_word,recall_position,remembered,math_correct,math_total
1,free_recall_pause,free_recall,3.0,pause,30,1,w,,1,True,0,0
1,free_recall_pause,free_recall,3.0,pause,30,2,x,,,False,0,0
1,free_recall_pause,free_recall,3.0,pause,30,3,d,,4,True,0,0
1,free_recall_pause,free_recall,3.0,pause,30,4,v,,5,True,0,0
1,free_recall_pause,free_recall,3.0,pause,30,5,m,,8,True,0,0
1,free_recall_pause,free_recall,3.0,pause,30,6,f,,6,True,0,0
1,free_recall_pause,free_recall,3.0,pause,30,7,k,,,False,0,0
1,free_recall_pause,free_recall,3.0,pause,30,8,l,,,False,0,0
1,free_recall_pause,free_recall,3.0,pause,30,9,e,,2,True,0,0
1,free_recall_pause,free_recall,3.0,pause,30,10,n,,7,True,0,0
1,free_recall_pause,free_recall,3.0,pause,30,11,t,,,False,0,0
1,free_recall_pause,free_recall,3.0,pause,30,12,i,,,False,0,0
1,free_recall_pause,free_recall,3.0,pause,30,13,s,,3,True,0,0
1,free_recall_pause,free_recall,3.0,pause,30,14,z,,,False,0,0
1,free_recall_pause,free_recall,3.0,pause,30,15,h,,9,True,0,0
2,free_recall_pause,free_recall,3.0,pause,30,1,x,,1,True,0,0
2,free_recall_pause,free_recall,3.0,pause,30,2,f,,3,True,0,0
2,free_recall_pause,free_recall,3.0,pause,30,3,c,,2,True,0,0
2,free_recall_pause,free_recall,3.0,pause,30,4,j,,,False,0,0
2,free_recall_pause,free_recall,3.0,pause,30,5,t,,5,True,0,0
2,free_recall_pause,free_recall,3.0,pause,30,6,k,,,False,0,0
2,free_recall_pause,free_recall,3.0,pause,30,7,o,,,False,0,0
2,free_recall_pause,free_recall,3.0,pause,30,8,r,,4,True,0,0
2,free_recall_pause,free_recall,3.0,pause,30,9,i,,,False,0,0
2,free_recall_pause,free_recall,3.0,pause,30,10,y,,6,True,0,0
2,free_recall_pause,free_recall,3.0,pause,30,11,w,,9,True,0,0
2,free_recall_pause,free_recall,3.0,pause,30,12,h,,,False,0,0
2,free_recall_pause,free_recall,3.0,pause,30,13,u,,,False,0,0
2,free_recall_pause,free_recall,3.0,pause,30,14,l,,7,True,0,0
2,free_recall_pause,free_recall,3.0,pause,30,15,a,,8,True,0,0
3,free_recall_pause,free_recall,3.0,pause,30,1,y,,1,True,0,0
3,free_recall_pause,free_recall,3.0,pause,30,2,p,,2,True,0,0
3,free_recall_pause,free_recall,3.0,pause,30,3,q,,4,True,0,0
3,free_recall_pause,free_recall,3.0,pause,30,4,i,,3,True,0,0
3,free_recall_pause,free_recall,3.0,pause,30,5,c,,,False,0,0
3,free_recall_pause,free_recall,3.0,pause,30,6,s,,,False,0,0
3,free_recall_pause,free_recall,3.0,pause,30,7,w,,,False,0,0
3,free_recall_pause,free_recall,3.0,pause,30,8,x,,,False,0,0
3,free_recall_pause,free_recall,3.0,pause,30,9,f,,5,True,0,0
3,free_recall_pause,free_recall,3.0,pause,30,10,b,,8,True,0,0
3,free_recall_pause,free_recall,3.0,pause,30,11,a,,7,True,0,0
3,free_recall_pause,free_recall,3.0,pause,30,12,k,,6,True,0,0
3,free_recall_pause,free_recall,3.0,pause,30,13,n,,9,True,0,0
3,free_recall_pause,free_recall,3.0,pause,30,14,v,,,False,0,0
3,free_recall_pause,free_recall,3.0,pause,30,15,l,,10,True,0,0
4,free_recall_pause,free_recall,3.0,pause,30,1,w,,7,True,0,0
4,free_recall_pause,free_recall,3.0,pause,30,2,r,,8,True,0,0
4,free_recall_pause,free_recall,3.0,pause,30,3,u,,9,True,0,0
4,free_recall_pause,free_recall,3.0,pause,30,4,k,,10,True,0,0
4,free_recall_pause,free_recall,3.0,pause,30,5,s,,,False,0,0
4,free_recall_pause,free_recall,3.0,pause,30,6,h,,,False,0,0
4,free_recall_pause,free_recall,3.0,pause,30,7,d,,,False,0,0
4,free_recall_pause,free_recall,3.0,pause,30,8,p,,1,True,0,0
4,free_recall_pause,free_recall,3.0,pause,30,9,x,,4,True,0,0
4,free_recall_pause,free_recall,3.0,pause,30,10,l,,3,True,0,0
4,free_recall_pause,free_recall,3.0,pause,30,11,o,,2,True,0,0
4,free_recall_pause,free_recall,3.0,pause,30,12,z,,,False,0,0
4,free_recall_pause,free_recall,3.0,pause,30,13,a,,5,True,0,0
4,free_recall_pause,free_recall,3.0,pause,30,14,c,,,False,0,0
4,free_recall_pause,free_recall,3.0,pause,30,15,y,,6,True,0,0
5,free_recall_pause,free_recall,3.0,pause,30,1,j,,2,True,0,0
5,free_recall_pause,free_recall,3.0,pause,30,2,b,,5,True,0,0
5,free_recall_pause,free_recall,3.0,pause,30,3,f,,3,True,0,0
5,free_recall_pause,free_recall,3.0,pause,30,4,v,,4,True,0,0
5,free_recall_pause,free_recall,3.0,pause,30,5,d,,,False,0,0
5,free_recall_pause,free_recall,3.0,pause,30,6,g,,,False,0,0
5,free_recall_pause,free_recall,3.0,pause,30,7,y,,,False,0,0
5,free_recall_pause,free_recall,3.0,pause,30,8,q,,,False,0,0
5,free_recall_pause,free_recall,3.0,pause,30,9,m,,6,True,0,0
5,free_recall_pause,free_recall,3.0,pause,30,10,n,,7,True,0,0
5,free_recall_pause,free_recall,3.0,pause,30,11,l,,8,True,0,0
5,free_recall_pause,free_recall,3.0,pause,30,12,e,,9,True,0,0
5,free_recall_pause,free_recall,3.0,pause,30,13,p,,10,True,0,0
5,free_recall_pause,free_recall,3.0,pause,30,14,u,,11,True,0,0
5,free_recall_pause,free_recall,3.0,pause,30,15,i,,12,True,0,0
6,free_recall_pause,free_recall,3.0,pause,30,1,e,,11,True,0,0
6,free_recall_pause,free_recall,3.0,pause,30,2,a,,8,True,0,0
6,free_recall_pause,free_recall,3.0,pause,30,3,x,,13,True,0,0
6,free_recall_pause,free_recall,3.0,pause,30,4,f,,12,True,0,0
6,free_recall_pause,free_recall,3.0,pause,30,5,s,,10,True,0,0
6,free_recall_pause,free_recall,3.0,pause,30,6,j,,,False,0,0
6,free_recall_pause,free_recall,3.0,pause,30,7,z,,9,True,0,0
6,free_recall_pause,free_recall,3.0,pause,30,8,r,,,False,0,0
6,free_recall_pause,free_recall,3.0,pause,30,9,o,,1,True,0,0
6,free_recall_pause,free_recall,3.0,pause,30,10,m,,2,True,0,0
6,free_recall_pause,free_recall,3.0,pause,30,11,v,,3,True,0,0
6,free_recall_pause,free_recall,3.0,pause,30,12,y,,4,True,0,0
6,free_recall_pause,free_recall,3.0,pause,30,13,w,,5,True,0,0
6,free_recall_pause,free_recall,3.0,pause,30,14,c,,6,True,0,0
6,free_recall_pause,free_recall,3.0,pause,30,15,t,,7,True,0,0
7,free_recall_pause,free_recall,3.0,pause,30,1,m,,7,True,0,0
7,free_recall_pause,free_recall,3.0,pause,30,2,n,,8,True,0,0
7,free_recall_pause,free_recall,3.0,pause,30,3,i,,10,True,0,0
7,free_recall_pause,free_recall,3.0,pause,30,4,j,,9,True,0,0
7,free_recall_pause,free_recall,3.0,pause,30,5,y,,11,True,0,0
7,free_recall_pause,free_recall,3.0,pause,30,6,f,,,False,0,0
7,free_recall_pause,free_recall,3.0,pause,30,7,e,,,False,0,0
7,free_recall_pause,free_recall,3.0,pause,30,8,r,,1,True,0,0
7,free_recall_pause,free_recall,3.0,pause,30,9,c,,2,True,0,0
7,free_recall_pause,free_recall,3.0,pause,30,10,q,,3,True,0,0
7,free_recall_pause,free_recall,3.0,pause,30,11,g,,4,True,0,0
7,free_recall_pause,free_recall,3.0,pause,30,12,h,,5,True,0,0
7,free_recall_pause,free_recall,3.0,pause,30,13,u,,6,True,0,0
7,free_recall_pause,free_recall,3.0,pause,30,14,l,,,False,0,0
7,free_recall_pause,free_recall,3.0,pause,30,15,z,,,False,0,0
8,free_recall_pause,free_recall,3.0,pause,30,1,l,,,False,0,0
8,free_recall_pause,free_recall,3.0,pause,30,2,h,,10,True,0,0
8,free_recall_pause,free_recall,3.0,pause,30,3,m,,11,True,0,0
8,free_recall_pause,free_recall,3.0,pause,30,4,v,,9,True,0,0
8,free_recall_pause,free_recall,3.0,pause,30,5,x,,7,True,0,0
8,free_recall_pause,free_recall,3.0,pause,30,6,c,,8,True,0,0
8,free_recall_pause,free_recall,3.0,pause,30,7,d,,,False,0,0
8,free_recall_pause,free_recall,3.0,pause,30,8,y,,3,True,0,0
8,free_recall_pause,free_recall,3.0,pause,30,9,g,,2,True,0,0
8,free_recall_pause,free_recall,3.0,pause,30,10,r,,1,True,0,0
8,free_recall_pause,free_recall,3.0,pause,30,11,n,,4,True,0,0
8,free_recall_pause,free_recall,3.0,pause,30,12,i,,5,True,0,0
8,free_recall_pause,free_recall,3.0,pause,30,13,t,,12,True,0,0
8,free_recall_pause,free_recall,3.0,pause,30,14,k,,13,True,0,0
8,free_recall_pause,free_recall,3.0,pause,30,15,w,,6,True,0,0
9,free_recall_pause,free_recall,3.0,pause,30,1,k,,7,True,0,0
9,free_recall_pause,free_recall,3.0,pause,30,2,l,,8,True,0,0
9,free_recall_pause,free_recall,3.0,pause,30,3,a,,1,True,0,0
9,free_recall_pause,free_recall,3.0,pause,30,4,e,,,False,0,0
9,free_recall_pause,free_recall,3.0,pause,30,5,x,,2,True,0,0
9,free_recall_pause,free_recall,3.0,pause,30,6,o,,9,True,0,0
9,free_recall_pause,free_recall,3.0,pause,30,7,d,,4,True,0,0
9,free_recall_pause,free_recall,3.0,pause,30,8,u,,6,True,0,0
9,free_recall_pause,free_recall,3.0,pause,30,9,q,,,False,0,0
9,free_recall_pause,free_recall,3.0,pause,30,10,y,,,False,0,0
9,free_recall_pause,free_recall,3.0,pause,30,11,c,,3,True,0,0
9,free_recall_pause,free_recall,3.0,pause,30,12,r,,5,True,0,0
9,free_recall_pause,free_recall,3.0,pause,30,13,f,,,False,0,0
9,free_recall_pause,free_recall,3.0,pause,30,14,h,,,False,0,0
9,free_recall_pause,free_recall,3.0,pause,30,15,w,,10,True,0,0
10,free_recall_pause,free_recall,3.0,pause,30,1,e,,,False,0,0
10,free_recall_pause,free_recall,3.0,pause,30,2,h,,7,True,0,0
10,free_recall_pause,free_recall,3.0,pause,30,3,i,,11,True,0,0
10,free_recall_pause,free_recall,3.0,pause,30,4,y,,8,True,0,0
10,free_recall_pause,free_recall,3.0,pause,30,5,g,,6,True,0,0
10,free_recall_pause,free_recall,3.0,pause,30,6,z,,,False,0,0
10,free_recall_pause,free_recall,3.0,pause,30,7,c,,,False,0,0
10,free_recall_pause,free_recall,3.0,pause,30,8,r,,5,True,0,0
10,free_recall_pause,free_recall,3.0,pause,30,9,p,,10,True,0,0
10,free_recall_pause,free_recall,3.0,pause,30,10,l,,9,True,0,0
10,free_recall_pause,free_recall,3.0,pause,30,11,m,,,False,0,0
10,free_recall_pause,free_recall,3.0,pause,30,12,d,,1,True,0,0
10,free_recall_pause,free_recall,3.0,pause,30,13,x,,2,True,0,0
10,free_recall_pause,free_recall,3.0,pause,30,14,w,,3,True,0,0
10,free_recall_pause,free_recall,3.0,pause,30,15,v,,4,True,0,0
11,free_recall_pause,free_recall,3.0,pause,30,1,s,,6,True,0,0
11,free_recall_pause,free_recall,3.0,pause,30,2,j,,11,True,0,0
11,free_recall_pause,free_recall,3.0,pause,30,3,f,,9,True,0,0
11,free_recall_pause,free_recall,3.0,pause,30,4,x,,7,True,0,0
11,free_recall_pause,free_recall,3.0,pause,30,5,b,,,False,0,0
11,free_recall_pause,free_recall,3.0,pause,30,6,r,,8,True,0,0
11,free_recall_pause,free_recall,3.0,pause,30,7,m,,,False,0,0
11,free_recall_pause,free_recall,3.0,pause,30,8,u,,10,True,0,0
11,free_recall_pause,free_recall,3.0,pause,30,9,q,,5,True,0,0
11,free_recall_pause,free_recall,3.0,pause,30,10,n,,,False,0,0
11,free_recall_pause,free_recall,3.0,pause,30,11,a,,,False,0,0
11,free_recall_pause,free_recall,3.0,pause,30,12,h,,1,True,0,0
11,free_recall_pause,free_recall,3.0,pause,30,13,k,,2,True,0,0
11,free_recall_pause,free_recall,3.0,pause,30,14,p,,3,True,0,0
11,free_recall_pause,free_recall,3.0,pause,30,15,w,,4,True,0,0
12,free_recall_pause,free_recall,3.0,pause,30,1,e,,7,True,0,0
12,free_recall_pause,free_recall,3.0,pause,30,2,d,,8,True,0,0
12,free_recall_pause,free_recall,3.0,pause,30,3,y,,10,True,0,0
12,free_recall_pause,free_recall,3.0,pause,30,4,z,,,False,0,0
12,free_recall_pause,free_recall,3.0,pause,30,5,g,,9,True,0,0
12,free_recall_pause,free_recall,3.0,pause,30,6,u,,11,True,0,0
12,free_recall_pause,free_recall,3.0,pause,30,7,o,,,False,0,0
12,free_recall_pause,free_recall,3.0,pause,30,8,t,,,False,0,0
12,free_recall_pause,free_recall,3.0,pause,30,9,w,,1,True,0,0
12,free_recall_pause,free_recall,3.0,pause,30,10,r,,2,True,0,0
12,free_recall_pause,free_recall,3.0,pause,30,11,j,,3,True,0,0
12,free_recall_pause,free_recall,3.0,pause,30,12,i,,4,True,0,0
12,free_recall_pause,free_recall,3.0,pause,30,13,s,,,False,0,0
12,free_recall_pause,free_recall,3.0,pause,30,14,c,,5,True,0,0
12,free_recall_pause,free_recall,3.0,pause,30,15,h,,6,True,0,0
13,free_recall_pause,free_recall,3.0,pause,30,1,r,,7,True,0,0
13,free_recall_pause,free_recall,3.0,pause,30,2,l,,,False,0,0
13,free_recall_pause,free_recall,3.0,pause,30,3,v,,12,True,0,0
13,free_recall_pause,free_recall,3.0,pause,30,4,g,,8,True,0,0
13,free_recall_pause,free_recall,3.0,pause,30,5,h,,13,True,0,0
13,free_recall_pause,free_recall,3.0,pause,30,6,m,,11,True,0,0
13,free_recall_pause,free_recall,3.0,pause,30,7,e,,6,True,0,0
13,free_recall_pause,free_recall,3.0,pause,30,8,z,,,False,0,0
13,free_recall_pause,free_recall,3.0,pause,30,9,k,,5,True,0,0
13,free_recall_pause,free_recall,3.0,pause,30,10,u,,10,True,0,0
13,free_recall_pause,free_recall,3.0,pause,30,11,f,,,False,0,0
13,free_recall_pause,free_recall,3.0,pause,30,12,t,,1,True,0,0
13,free_recall_pause,free_recall,3.0,pause,30,13,d,,2,True,0,0
13,free_recall_pause,free_recall,3.0,pause,30,14,s,,3,True,0,0
13,free_recall_pause,free_recall,3.0,pause,30,15,i,,4,True,0,0
